"1","macros","1","http://xorg.freedesktop.org/releases/individual/util/util-macros-1.3.0.tar.bz2","http://xorg.freedesktop.org/releases/individual/util/util-macros-1.3.0.tar.bz2","2009-09-09","2009-11-02"
"2","bigreqsproto","1","http://www.x.org/releases/X11R7.5/src/proto/bigreqsproto-1.1.0.tar.bz2","bigreqsproto-1.1.0.tar.bz2","2009-08-26","2009-11-02"
"3","compositeproto","1","http://www.x.org/releases/X11R7.5/src/proto/compositeproto-0.4.1.tar.bz2","compositeproto-0.4.1.tar.bz2","2009-10-02","2009-11-02"
"4","damageproto","1","http://www.x.org/releases/X11R7.5/src/proto/damageproto-1.2.0.tar.bz2","damageproto-1.2.0.tar.bz2","2009-08-26","2009-11-02"
"5","dmxproto","1","http://www.x.org/releases/X11R7.5/src/proto/dmxproto-2.3.tar.bz2","dmxproto-2.3.tar.bz2","2009-10-01","2009-11-02"
"6","fixesproto","1","http://www.x.org/releases/X11R7.5/src/proto/fixesproto-4.1.1.tar.bz2","fixesproto-4.1.1.tar.bz2","2009-10-05","2009-11-02"
"7","fontsproto","1","http://www.x.org/releases/X11R7.5/src/proto/fontsproto-2.1.0.tar.bz2","fontsproto-2.1.0.tar.bz2","2009-08-26","2009-11-02"
"8","glproto","1","http://www.x.org/releases/X11R7.5/src/proto/glproto-1.4.10.tar.bz2","glproto-1.4.10.tar.bz2","2009-05-26","2009-11-02"
"9","inputproto","1","http://www.x.org/releases/X11R7.5/src/proto/inputproto-2.0.tar.bz2","inputproto-2.0.tar.bz2","2009-10-01","2009-11-02"
"10","kbproto","1","http://www.x.org/releases/X11R7.5/src/proto/kbproto-1.0.4.tar.bz2","kbproto-1.0.4.tar.bz2","2009-10-12","2009-11-02"
"11","xineramaproto","1","http://www.x.org/releases/X11R7.5/src/proto/xineramaproto-1.2.tar.bz2","xineramaproto-1.2.tar.bz2","2009-10-01","2009-11-02"
"12","randrproto","1","http://www.x.org/releases/X11R7.5/src/proto/randrproto-1.3.1.tar.gz","randrproto-1.3.1.tar.gz","2009-10-05","2009-11-02"
"13","recordproto","1","http://www.x.org/releases/X11R7.5/src/proto/recordproto-1.14.tar.bz2","recordproto-1.14.tar.bz2","2009-10-01","2009-11-02"
"14","renderproto","1","http://www.x.org/releases/X11R7.5/src/proto/renderproto-0.11.tar.bz2","renderproto-0.11.tar.bz2","2009-07-14","2009-11-02"
"15","resourceproto","1","http://www.x.org/releases/X11R7.5/src/proto/resourceproto-1.1.0.tar.bz2","resourceproto-1.1.0.tar.bz2","2009-08-24","2009-11-02"
"16","scrnsaverproto","1","http://www.x.org/releases/X11R7.5/src/proto/scrnsaverproto-1.2.0.tar.bz2","scrnsaverproto-1.2.0.tar.bz2","2009-08-25","2009-11-02"
"17","videoproto","1","http://www.x.org/releases/X11R7.5/src/proto/videoproto-2.3.0.tar.bz2","videoproto-2.3.0.tar.bz2","2009-08-26","2009-11-02"
"18","xcmiscproto","1","http://www.x.org/releases/X11R7.5/src/proto/xcmiscproto-1.2.0.tar.bz2","xcmiscproto-1.2.0.tar.bz2","2009-08-26","2009-11-02"
"19","xextproto","1","http://www.x.org/releases/X11R7.5/src/proto/xextproto-7.1.1.tar.bz2","xextproto-7.1.1.tar.bz2","2009-08-24","2009-11-02"
"20","xf86bigfontproto","1","http://www.x.org/releases/X11R7.5/src/proto/xf86bigfontproto-1.2.0.tar.bz2","xf86bigfontproto-1.2.0.tar.bz2","2009-08-26","2009-11-02"
"21","xf86dgaproto","1","http://www.x.org/releases/X11R7.5/src/proto/xf86dgaproto-2.1.tar.bz2","xf86dgaproto-2.1.tar.bz2","2009-10-01","2009-11-02"
"22","xf86driproto","1","http://www.x.org/releases/X11R7.5/src/proto/xf86driproto-2.1.0.tar.bz2","xf86driproto-2.1.0.tar.bz2","2009-08-26","2009-11-02"
"23","xf86vidmodeproto","1","http://www.x.org/releases/X11R7.5/src/proto/xf86vidmodeproto-2.3.tar.bz2","xf86vidmodeproto-2.3.tar.bz2","2009-10-02","2009-11-02"
"24","x11proto","1","http://www.x.org/releases/X11R7.5/src/proto/xproto-7.0.16.tar.bz2","xproto-7.0.16.tar.bz2","2009-09-23","2009-11-02"
"25","dri2proto","1","http://www.x.org/releases/X11R7.5/src/proto/dri2proto-2.1.tar.bz2","dri2proto-2.1.tar.bz2","2009-06-12","2009-11-02"
"26","xcb-proto","2","http://xcb.freedesktop.org/dist/xcb-proto-1.5.tar.bz2","xcb-proto-1.5.tar.bz2","2009-05-28","2009-11-02"
"27","pthread-stubs","2","http://xcb.freedesktop.org/dist/libpthread-stubs-0.3.tar.bz2","libpthread-stubs-0.3.tar.bz2","2009-10-14","2009-11-02"
"28","libXau","2","
"29","libxcb","2","
"30","libxtrans","2","
"31","libXdmcp","2","
"32","libX11","2","
"33","libXext","2","
"34","libXxf86vm","2","
"35","libXfixes","2","
"36","libXdamage","2","
"37","libdrm","2","
"38","libXi","2","
"39","libICE","2","
"40","libSM","2","
"41","libXt","2","
"42","libXmu","2","
"43","libGL","2","
"44","libXpm","2","
"45","libXaw","2","
"46","libxkbfile","2","
"47","libxkbui","2","
"48","fonts-util","2","
"49","libfontenc","2","
"50","libXfont","2","
"51","libXinerama","2","
"52","libdmx","2","
"53","libXtst","2","
"54","libXRes","2","
"55","pixman","2","
"56","libpciaccess","2","
"57","xserver","3","
"58","libXv","4","
"59","libXvMC","4","
"60","xf86-video-intel","4","
"61","xf86-input-keyboard","5","
"62","xkbcomp","6","
"63","xkeyboard-config","6","
"64","xf86-input-mouse","4","
"65","iceauth","5","
"66","luit","5","
"67","libXrender","5","
"68","rendercheck","5","
"69","scripts","5","
"70","setxkbmap","5","
"71","smproxy","5","
"72","twm","5","
"73","fontconfig","5","
"74","libXft","5","
"75","x11perf","5","
"76","xauth","5","
"77","xdpyinfo","5","
"78","xdriinfo","5","
"79","xev","5","
"80","xeyes","5","
"81","xhost","5","
"82","xinit","5","
"83","xinput","5","
"84","xkill","5","
"85","xlogo","5","
"86","xlsatoms","5","
"87","xcb-util","5","
"88","xlsclients","5","
"89","xmodmap","5","
"90","xprop","5","
"91","libXrandr","5","
"92","xrandr","5","
"93","xrdb","5","
"94","xset","5","
"95","bitmaps","5","
"96","xsetroot","5","
"97","xvinfo","5","
"98","xwd","5","
"99","xwininfo","5","
"100","xwud","5","
