"1","macros","n/a","1"
"2","bigreqsproto","2"
"3","compositeproto","2"
"4","damageproto","2"
"5","dmxproto","2"
"6","fixesproto","2"
"7","fontsproto","2"
"8","glproto","2"
"9","inputproto","2"
"10","kbproto","2"
"11","xineramaproto","2"
"12","randrproto","2"
"13","recordproto","2"
"14","renderproto","2"
"15","resourceproto","2"
"16","scrnsaverproto","2"
"17","videoproto","2"
"18","xcmiscproto","2"
"19","xextproto","2"
"20","xf86bigfontproto","2"
"21","xf86dgaproto","2"
"22","xf86driproto","2"
"23","xf86vidmodeproto","2"
"24","x11proto","2"
"25","dri2proto","2"
"26","xcb-proto","3"
"27","pthread-stubs","3"
"28","libXau","3"
"29","libxcb","3"
"30","libxtrans","3"
"31","libXdmcp","3"
"32","libX11","3"
"33","libXext","3"
"34","libXxf86vm","3"
"35","libXfixes","3"
"36","libXdamage","3"
"37","libdrm","3"
"38","libXi","3"
"39","libICE","3"
"40","libSM","3"
"41","libXt","3"
"42","libXmu","3"
"43","libGL","3"
"44","libXpm","3"
"45","libXaw","3"
"46","libxkbfile","3"
"47","libxkbui","3"
"48","fonts-util","3"
"49","libfontenc","3"
"50","libXfont","3"
"51","libXinerama","3"
"52","libdmx","3"
"53","libXtst","3"
"54","libXRes","3"
"55","pixman","3"
"56","libpciaccess","3"
"57","xserver","4"
"58","libXv","5"
"59","libXvMC","5"
"60","xf86-video-intel","5"
"61","xf86-input-keyboard","5"
"62","xkbcomp","6"
"63","xkeyboard-config","6"
"64","xf86-input-mouse","5"
"65","iceauth","6"
"66","luit","6"
"67","libXrender","6"
"68","rendercheck","6"
"69","scripts","6"
"70","setxkbmap","6"
"71","smproxy","6"
"72","twm","6"
"73","fontconfig","6"
"74","libXft","6"
"75","x11perf","6"
"76","xauth","6"
"77","xdpyinfo","6"
"78","xdriinfo","6"
"79","xev","6"
"80","xeyes","6"
"81","xhost","6"
"82","xinit","6"
"83","xinput","6"
"84","xkill","6"
"85","xlogo","6"
"86","xlsatoms","6"
"87","xcb-util","6"
"88","xlsclients","6"
"89","xmodmap","6"
"90","xprop","6"
"91","libXrandr","6"
"92","xrandr","6"
"93","xrdb","6"
"94","xset","6"
"95","bitmaps","6"
"96","xsetroot","6"
"97","xvinfo","6"
"98","xwd","6"
"99","xwininfo","6"
"100","xwud","6"
